[
  {
    "eventTitle": "UK Healthcare Boys Sweet 16 - Game #13 (TMUSA)",
    "agentCodes": "(TMUSA)",
    "link": "https://www.showsonsale.com//e/pre_4O9N354QOG",
    "dangerText": null,
    "venue": "Rupp Arena",
    "city": "Lexington, KY",
    "Eventdate": "Sat, 3/23/2024 11:00 AM",
    "presaleDate": "3/23/2024 12:00 AM",
    "publicDate": "3/23/2024 12:00 AM"
  },
  {
    "eventTitle": "UK Healthcare Boys Sweet 16 - Game #13 (TMUSA)",
    "agentCodes": "(TMUSA)",
    "link": "https://www.showsonsale.com//e/pre_EOG7G9JX2P",
    "dangerText": null,
    "venue": "Rupp Arena",
    "city": "Lexington, KY",
    "Eventdate": "Sat, 3/23/2024 11:00 AM",
    "presaleDate": "3/23/2024 12:30 AM",
    "publicDate": "3/23/2024 12:00 AM"
  },
  {
    "eventTitle": "UK Healthcare Boys Sweet 16 - Game #13 (TMUSA)",
    "agentCodes": "(TMUSA)",
    "link": "https://www.showsonsale.com//e/pre_12WGXN1E8E",
    "dangerText": null,
    "venue": "Rupp Arena",
    "city": "Lexington, KY",
    "Eventdate": "Sat, 3/23/2024 11:00 AM",
    "presaleDate": "3/23/2024 2:30 AM",
    "publicDate": "3/23/2024 12:00 AM"
  },
  {
    "eventTitle": "UK Healthcare Boys Sweet 16 - Game #14 (TMUSA)",
    "agentCodes": "(TMUSA)",
    "link": "https://www.showsonsale.com//e/pre_LO0L9KM48R",
    "dangerText": null,
    "venue": "Rupp Arena",
    "city": "Lexington, KY",
    "Eventdate": "Sat, 3/23/2024 1:30 PM",
    "presaleDate": "3/23/2024 5:00 AM",
    "publicDate": "3/23/2024 12:00 AM"
  },
  {
    "eventTitle": "UK Healthcare Boys Sweet 16 - Game #14 (TMUSA)",
    "agentCodes": "(TMUSA)",
    "link": "https://www.showsonsale.com//e/pre_YOJNJ9X98N",
    "dangerText": null,
    "venue": "Rupp Arena",
    "city": "Lexington, KY",
    "Eventdate": "Sat, 3/23/2024 1:30 PM",
    "presaleDate": "3/23/2024 7:00 AM",
    "publicDate": "3/23/2024 12:00 AM"
  },
  {
    "eventTitle": "UK Healthcare Boys Sweet 16 - Game #14 (TMUSA)",
    "agentCodes": "(TMUSA)",
    "link": "https://www.showsonsale.com//e/pre_KO1KGZMJ21",
    "dangerText": null,
    "venue": "Rupp Arena",
    "city": "Lexington, KY",
    "Eventdate": "Sat, 3/23/2024 1:30 PM",
    "presaleDate": "3/23/2024 7:30 AM",
    "publicDate": "3/23/2024 12:00 AM"
  },
  {
    "eventTitle": "UK Healthcare Boys Sweet 16 - Game #14 (TMUSA)",
    "agentCodes": "(TMUSA)",
    "link": "https://www.showsonsale.com//e/pre_MOQXRJ3Q8N",
    "dangerText": null,
    "venue": "Rupp Arena",
    "city": "Lexington, KY",
    "Eventdate": "Sat, 3/23/2024 1:30 PM",
    "presaleDate": "3/23/2024 9:29 AM",
    "publicDate": "3/23/2024 12:00 AM"
  },
  {
    "eventTitle": "3-Day GA - Caesars Palace Experience (TMUSA)",
    "agentCodes": "(TMUSA)",
    "link": "https://www.showsonsale.com//e/pre_62RLV53W24",
    "dangerText": null,
    "venue": "FORMULA 1 HEINEKEN SILVER LAS VEGAS GRAND PRIX",
    "city": "Las Vegas, NV",
    "Eventdate": "Thu, 11/21/2024 12:00 AM",
    "presaleDate": "3/23/2024 12:30 AM",
    "publicDate": "3/25/2024 10:30 PM"
  },
  {
    "eventTitle": "3-Day GA - Flamingo Zone by Caesars Rewards (TMUSA)",
    "agentCodes": "(TMUSA)",
    "link": "https://www.showsonsale.com//e/pre_1O4PDQV98Y",
    "dangerText": null,
    "venue": "FORMULA 1 HEINEKEN SILVER LAS VEGAS GRAND PRIX",
    "city": "Las Vegas, NV",
    "Eventdate": "Thu, 11/21/2024 12:00 AM",
    "presaleDate": "3/23/2024 12:30 AM",
    "publicDate": "3/25/2024 10:30 PM"
  },
  {
    "eventTitle": "3-Day Grandstand - West Harmon Zone (TMUSA)",
    "agentCodes": "(TMUSA)",
    "link": "https://www.showsonsale.com//e/pre_7O676Q0W8R",
    "dangerText": null,
    "venue": "FORMULA 1 HEINEKEN SILVER LAS VEGAS GRAND PRIX",
    "city": "Las Vegas, NV",
    "Eventdate": "Thu, 11/21/2024 12:00 AM",
    "presaleDate": "3/23/2024 12:30 AM",
    "publicDate": "3/25/2024 10:30 PM"
  },
  {
    "eventTitle": "3-Day Grandstands & GA - T-Mobile Zone at Sphere (TMUSA)",
    "agentCodes": "(TMUSA)",
    "link": "https://www.showsonsale.com//e/pre_Y2XGYEX9OK",
    "dangerText": null,
    "venue": "FORMULA 1 HEINEKEN SILVER LAS VEGAS GRAND PRIX",
    "city": "Las Vegas, NV",
    "Eventdate": "Thu, 11/21/2024 12:00 AM",
    "presaleDate": "3/23/2024 12:30 AM",
    "publicDate": "3/25/2024 10:30 PM"
  },
  {
    "eventTitle": "3-Day Hospitality - Club Paris (TMUSA)",
    "agentCodes": "(TMUSA)",
    "link": "https://www.showsonsale.com//e/pre_1O4PJMW18Y",
    "dangerText": null,
    "venue": "FORMULA 1 HEINEKEN SILVER LAS VEGAS GRAND PRIX",
    "city": "Las Vegas, NV",
    "Eventdate": "Thu, 11/21/2024 12:00 AM",
    "presaleDate": "3/23/2024 12:30 AM",
    "publicDate": "3/25/2024 10:30 PM"
  },
  {
    "eventTitle": "3-Day Main Grandstand - East Harmon Zone By Virgin Hotels Las Vegas (TMUSA)",
    "agentCodes": "(TMUSA)",
    "link": "https://www.showsonsale.com//e/pre_YOLVXGJ98M",
    "dangerText": null,
    "venue": "FORMULA 1 HEINEKEN SILVER LAS VEGAS GRAND PRIX",
    "city": "Las Vegas, NV",
    "Eventdate": "Thu, 11/21/2024 12:00 AM",
    "presaleDate": "3/23/2024 12:30 AM",
    "publicDate": "3/25/2024 10:30 PM"
  },
  {
    "eventTitle": "3-Day Shared Club - South Koval Zone (TMUSA)",
    "agentCodes": "(TMUSA)",
    "link": "https://www.showsonsale.com//e/pre_WOKR6MQ38D",
    "dangerText": null,
    "venue": "FORMULA 1 HEINEKEN SILVER LAS VEGAS GRAND PRIX",
    "city": "Las Vegas, NV",
    "Eventdate": "Thu, 11/21/2024 12:00 AM",
    "presaleDate": "3/23/2024 12:30 AM",
    "publicDate": "3/25/2024 10:30 PM"
  },
  {
    "eventTitle": "3-Day Skybox - East Harmon Zone by Virgin Hotels Las Vegas (TMUSA)",
    "agentCodes": "(TMUSA)",
    "link": "https://www.showsonsale.com//e/pre_V8ZGNKD4O6",
    "dangerText": null,
    "venue": "FORMULA 1 HEINEKEN SILVER LAS VEGAS GRAND PRIX",
    "city": "Las Vegas, NV",
    "Eventdate": "Thu, 11/21/2024 12:00 AM",
    "presaleDate": "3/23/2024 12:30 AM",
    "publicDate": "3/25/2024 10:30 PM"
  },
  {
    "eventTitle": "3-Day Turn 3 Club - East Harmon Zone by Virgin Hotels Las Vegas (TMUSA)",
    "agentCodes": "(TMUSA)",
    "link": "https://www.showsonsale.com//e/pre_62EQNJZ62Q",
    "dangerText": null,
    "venue": "FORMULA 1 HEINEKEN SILVER LAS VEGAS GRAND PRIX",
    "city": "Las Vegas, NV",
    "Eventdate": "Thu, 11/21/2024 12:00 AM",
    "presaleDate": "3/23/2024 12:30 AM",
    "publicDate": "3/25/2024 10:30 PM"
  },
  {
    "eventTitle": "Friday Single Day GA - Flamingo Zone by Caesars (TMUSA)",
    "agentCodes": "(TMUSA)",
    "link": "https://www.showsonsale.com//e/pre_4O9NKJ4NOG",
    "dangerText": null,
    "venue": "FORMULA 1 HEINEKEN SILVER LAS VEGAS GRAND PRIX",
    "city": "Las Vegas, NV",
    "Eventdate": "Fri, 11/22/2024 6:30 PM",
    "presaleDate": "3/23/2024 12:30 AM",
    "publicDate": "3/25/2024 10:30 PM"
  },
  {
    "eventTitle": "Saturday Single Day GA - Flamingo Zone by Caesars (TMUSA)",
    "agentCodes": "(TMUSA)",
    "link": "https://www.showsonsale.com//e/pre_EOG7VMJW2P",
    "dangerText": null,
    "venue": "FORMULA 1 HEINEKEN SILVER LAS VEGAS GRAND PRIX",
    "city": "Las Vegas, NV",
    "Eventdate": "Sat, 11/23/2024 10:00 PM",
    "presaleDate": "3/23/2024 12:30 AM",
    "publicDate": "3/25/2024 10:30 PM"
  },
  {
    "eventTitle": "Thursday Single Day GA - Flamingo Zone by Caesars (TMUSA)",
    "agentCodes": "(TMUSA)",
    "link": "https://www.showsonsale.com//e/pre_12WG7K1P8E",
    "dangerText": null,
    "venue": "FORMULA 1 HEINEKEN SILVER LAS VEGAS GRAND PRIX",
    "city": "Las Vegas, NV",
    "Eventdate": "Thu, 11/21/2024 6:30 PM",
    "presaleDate": "3/23/2024 12:30 AM",
    "publicDate": "3/25/2024 10:30 PM"
  },
  {
    "eventTitle": "Brunch of Broken Dreams (TWEB)",
    "agentCodes": "(TWEB)",
    "link": "https://www.showsonsale.com//e/pre_3ODEJREE86",
    "dangerText": null,
    "venue": "Hard Rock Live Las Vegas",
    "city": "Las Vegas, NV",
    "Eventdate": "Sat, 4/6/2024 11:00 AM",
    "presaleDate": "",
    "publicDate": "3/23/2024 12:30 AM"
  },
  {
    "eventTitle": "Brunch of Broken Dreams (TWEB)",
    "agentCodes": "(TWEB)",
    "link": "https://www.showsonsale.com//e/pre_1O4PXZP78Y",
    "dangerText": null,
    "venue": "Hard Rock Live Las Vegas",
    "city": "Las Vegas, NV",
    "Eventdate": "Sat, 4/13/2024 11:00 AM",
    "presaleDate": "",
    "publicDate": "3/23/2024 12:30 AM"
  },
  {
    "eventTitle": "Brunch of Broken Dreams (TWEB)",
    "agentCodes": "(TWEB)",
    "link": "https://www.showsonsale.com//e/pre_7O67EZ7N8R",
    "dangerText": null,
    "venue": "Hard Rock Live Las Vegas",
    "city": "Las Vegas, NV",
    "Eventdate": "Sat, 4/20/2024 11:00 AM",
    "presaleDate": "",
    "publicDate": "3/23/2024 12:30 AM"
  },
  {
    "eventTitle": "Brunch of Broken Dreams (TWEB)",
    "agentCodes": "(TWEB)",
    "link": "https://www.showsonsale.com//e/pre_Y2XGZ9GPOK",
    "dangerText": null,
    "venue": "Hard Rock Live Las Vegas",
    "city": "Las Vegas, NV",
    "Eventdate": "Sat, 4/27/2024 11:00 AM",
    "presaleDate": "",
    "publicDate": "3/23/2024 12:30 AM"
  },
  {
    "eventTitle": "Eli Brown (AXS)",
    "agentCodes": "(AXS)",
    "link": "https://www.showsonsale.com//e/pre_ZOYG9Q7DOD",
    "dangerText": null,
    "venue": "Mission Ballroom",
    "city": "Denver, CO",
    "Eventdate": "Fri, 8/2/2024 9:00 PM",
    "presaleDate": "3/23/2024 12:30 AM",
    "publicDate": "3/23/2024 12:30 AM"
  },
  {
    "eventTitle": "Grahame Lesh & Friends W/ Special Guest Stu Allen (OTHER)",
    "agentCodes": "(OTHER)",
    "link": "https://www.showsonsale.com//e/pre_YOJNJ4438N",
    "dangerText": null,
    "venue": "The Guild Theatre",
    "city": "Menlo Park, CA",
    "Eventdate": "Fri, 5/3/2024 8:00 PM",
    "presaleDate": "3/22/2024 12:30 AM",
    "publicDate": "3/23/2024 12:30 AM"
  },
  {
    "eventTitle": "OT7 Quanny at NOTO Philadelphia (TMUSA)",
    "agentCodes": "(TMUSA)",
    "link": "https://www.showsonsale.com//e/pre_WOKRXJZ38D",
    "dangerText": null,
    "venue": "NOTO",
    "city": "Philadelphia, PA",
    "Eventdate": "Sat, 4/6/2024 10:00 PM",
    "presaleDate": "",
    "publicDate": "3/23/2024 12:30 AM"
  },
  {
    "eventTitle": "Rolling Loud (FGATE)",
    "agentCodes": "(FGATE)",
    "link": "https://www.showsonsale.com//e/pre_3ODEJXGG86",
    "dangerText": null,
    "venue": "Hollywood Park",
    "city": "Inglewood, CA",
    "Eventdate": "Fri, 3/14/2025 12:00 PM",
    "presaleDate": "",
    "publicDate": "3/23/2024 12:30 AM"
  },
  {
    "eventTitle": "Rolling Loud (FGATE)",
    "agentCodes": "(FGATE)",
    "link": "https://www.showsonsale.com//e/pre_1O4PXK068Y",
    "dangerText": null,
    "venue": "Hollywood Park",
    "city": "Inglewood, CA",
    "Eventdate": "Sat, 3/15/2025 12:00 PM",
    "presaleDate": "",
    "publicDate": "3/23/2024 12:30 AM"
  },
  {
    "eventTitle": "Rolling Loud (FGATE)",
    "agentCodes": "(FGATE)",
    "link": "https://www.showsonsale.com//e/pre_7O67EKDQ8R",
    "dangerText": null,
    "venue": "Hollywood Park",
    "city": "Inglewood, CA",
    "Eventdate": "Sun, 3/16/2025 12:00 PM",
    "presaleDate": "",
    "publicDate": "3/23/2024 12:30 AM"
  },
  {
    "eventTitle": "The Moth (AXS)",
    "agentCodes": "(AXS)",
    "link": "https://www.showsonsale.com//e/pre_NONDGE0D2X",
    "dangerText": null,
    "venue": "Music Hall of Williamsburg",
    "city": "Brooklyn, NY",
    "Eventdate": "Tue, 5/21/2024 7:30 PM",
    "presaleDate": "3/23/2024 12:30 AM",
    "publicDate": "3/28/2024 12:30 AM"
  },
  {
    "eventTitle": "Ultra Q & Mt. Eddy (LIVN)",
    "agentCodes": "(LIVN)",
    "link": "https://www.showsonsale.com//e/pre_4O9N1Q9KOG",
    "dangerText": null,
    "venue": "The Echo",
    "city": "Los Angeles, CA",
    "Eventdate": "Fri, 5/24/2024 7:00 PM",
    "presaleDate": "3/22/2024 12:30 AM",
    "publicDate": "3/23/2024 12:30 AM"
  },
  {
    "eventTitle": "KAWAC Choir 35th Anniversary Concert (TMUSA)",
    "agentCodes": "(TMUSA)",
    "link": "https://www.showsonsale.com//e/pre_LO0L34L68R",
    "dangerText": null,
    "venue": "Center Theatre at North Shore Center for the Performing Arts",
    "city": "Skokie, IL",
    "Eventdate": "Sun, 4/21/2024 5:00 PM",
    "presaleDate": "",
    "publicDate": "3/23/2024 1:15 AM"
  },
  {
    "eventTitle": "Hi-Light Festival 2024 (TWEB)",
    "agentCodes": "(TWEB)",
    "link": "https://www.showsonsale.com//e/pre_987YGZY92W",
    "dangerText": null,
    "venue": "The Starlite Room",
    "city": "Edmonton, AB",
    "Eventdate": "Fri, 4/12/2024 7:00 PM",
    "presaleDate": "",
    "publicDate": "3/23/2024 1:30 AM"
  },
  {
    "eventTitle": "Phil Wickham & Brandon Lake Summer Worship Nights Tour (TMUSA)",
    "agentCodes": "(TMUSA)",
    "link": "https://www.showsonsale.com//e/pre_58VWQDK02K",
    "dangerText": null,
    "venue": "Tom Moffatt Waikiki Shell",
    "city": "Honolulu, HI",
    "Eventdate": "Wed, 8/28/2024 7:00 PM",
    "presaleDate": "3/23/2024 1:30 AM",
    "publicDate": "3/26/2024 1:30 AM"
  },
  {
    "eventTitle": "Tim Dillon & Friends! (TWEB)",
    "agentCodes": "(TWEB)",
    "link": "https://www.showsonsale.com//e/pre_12WGL9518E",
    "dangerText": null,
    "venue": "Hollywood Improv (The Main Room)",
    "city": "Los Angeles, CA",
    "Eventdate": "Mon, 3/25/2024 7:15 PM",
    "presaleDate": "",
    "publicDate": "3/23/2024 1:30 AM"
  },
  {
    "eventTitle": "Spring Speed Dating at The Senate (TMUSA)",
    "agentCodes": "(TMUSA)",
    "link": "https://www.showsonsale.com//e/pre_7O67EZXN8R",
    "dangerText": null,
    "venue": "The Senate",
    "city": "Columbia, SC",
    "Eventdate": "Fri, 4/12/2024 7:00 PM",
    "presaleDate": "",
    "publicDate": "3/23/2024 1:47 AM"
  },
  {
    "eventTitle": "Brittany Howard (SEETIX)",
    "agentCodes": "(SEETIX)",
    "link": "https://www.showsonsale.com//e/pre_32MMEQMY24",
    "dangerText": null,
    "venue": "Marquee Theatre",
    "city": "Tempe, AZ",
    "Eventdate": "Sat, 4/13/2024 8:00 PM",
    "presaleDate": "",
    "publicDate": "3/23/2024 1:57 AM"
  },
  {
    "eventTitle": "Meteors w/ Blue Elephant, Seven Snakes & Fixed Reaction (TWEB)",
    "agentCodes": "(TWEB)",
    "link": "https://www.showsonsale.com//e/pre_V8ZGW9GWO6",
    "dangerText": null,
    "venue": "The 44 Sports Grill and Nightlife",
    "city": "Glendale, AZ",
    "Eventdate": "Fri, 5/24/2024 8:00 PM",
    "presaleDate": "",
    "publicDate": "3/23/2024 2:20 AM"
  },
  {
    "eventTitle": "Erik Santos W/ special guest STELL (AXS)",
    "agentCodes": "(AXS)",
    "link": "https://www.showsonsale.com//e/pre_32MMEQ0D24",
    "dangerText": null,
    "venue": "Saban Theatre",
    "city": "Beverly Hills, CA",
    "Eventdate": "Sun, 6/30/2024 8:00 PM",
    "presaleDate": "3/23/2024 2:30 AM",
    "publicDate": "3/23/2024 2:30 AM"
  },
  {
    "eventTitle": "Kat Hasty + Maggie Antone: The Lonestars & Lovers Tour (OTHER)",
    "agentCodes": "(OTHER)",
    "link": "https://www.showsonsale.com//e/pre_WOKRP09Y8D",
    "dangerText": null,
    "venue": "Eddie’S Attic",
    "city": "Decatur, GA",
    "Eventdate": "Sat, 6/8/2024 9:15 PM",
    "presaleDate": "3/20/2024 7:30 PM",
    "publicDate": "3/23/2024 6:00 AM"
  },
  {
    "eventTitle": "Barenaked Ladies (ETIX)",
    "agentCodes": "(ETIX)",
    "link": "https://www.showsonsale.com//e/pre_3ODEZZ5386",
    "dangerText": null,
    "venue": "Tulsa Theater",
    "city": "Tulsa, OK",
    "Eventdate": "Tue, 9/24/2024 7:30 PM",
    "presaleDate": "3/23/2024 8:30 AM",
    "publicDate": "3/23/2024 8:30 AM"
  },
  {
    "eventTitle": "TNA Wrestling Presents: iMPACT LIVE (AXS)",
    "agentCodes": "(AXS)",
    "link": "https://www.showsonsale.com//e/pre_NONDG50X2X",
    "dangerText": null,
    "venue": "MegaCorp Pavilion",
    "city": "Newport, KY",
    "Eventdate": "Sat, 5/18/2024 6:30 PM",
    "presaleDate": "3/23/2024 6:30 PM",
    "publicDate": "3/23/2024 7:30 PM"
  },
  {
    "eventTitle": "TNA Wrestling Presents: iMPACT LIVE (AXS)",
    "agentCodes": "(AXS)",
    "link": "https://www.showsonsale.com//e/pre_62RLYN0424",
    "dangerText": null,
    "venue": "MegaCorp Pavilion",
    "city": "Newport, KY",
    "Eventdate": "Sun, 5/19/2024 6:30 PM",
    "presaleDate": "3/23/2024 6:30 PM",
    "publicDate": "3/23/2024 7:30 PM"
  },
  {
    "eventTitle": "Capital Jazz Fest 3-Day Pass (TMUSA)",
    "agentCodes": "(TMUSA)",
    "link": "https://www.showsonsale.com//e/pre_MOQXRW7Q8N",
    "dangerText": null,
    "venue": "Merriweather Post Pavilion",
    "city": "Columbia, MD",
    "Eventdate": "Fri, 6/7/2024 12:00 AM",
    "presaleDate": "",
    "publicDate": "3/23/2024 7:30 PM"
  },
  {
    "eventTitle": "Capital Jazz Fest Friday (TMUSA)",
    "agentCodes": "(TMUSA)",
    "link": "https://www.showsonsale.com//e/pre_LOP6NW5R8Y",
    "dangerText": null,
    "venue": "Merriweather Post Pavilion",
    "city": "Columbia, MD",
    "Eventdate": "Fri, 6/7/2024 7:00 PM",
    "presaleDate": "",
    "publicDate": "3/23/2024 7:30 PM"
  },
  {
    "eventTitle": "Capital Jazz Fest Saturday (TMUSA)",
    "agentCodes": "(TMUSA)",
    "link": "https://www.showsonsale.com//e/pre_Y855PYR581",
    "dangerText": null,
    "venue": "Merriweather Post Pavilion",
    "city": "Columbia, MD",
    "Eventdate": "Sat, 6/8/2024 12:00 PM",
    "presaleDate": "",
    "publicDate": "3/23/2024 7:30 PM"
  },
  {
    "eventTitle": "Capital Jazz Fest Sunday (TMUSA)",
    "agentCodes": "(TMUSA)",
    "link": "https://www.showsonsale.com//e/pre_987Y7NPN2W",
    "dangerText": null,
    "venue": "Merriweather Post Pavilion",
    "city": "Columbia, MD",
    "Eventdate": "Sun, 6/9/2024 12:00 PM",
    "presaleDate": "",
    "publicDate": "3/23/2024 7:30 PM"
  },
  {
    "eventTitle": "Grace Potter (ETIX)",
    "agentCodes": "(ETIX)",
    "link": "https://www.showsonsale.com//e/pre_987YGEQJ2W",
    "dangerText": null,
    "venue": "Indian Ranch Amphitheatre",
    "city": "Webster, MA",
    "Eventdate": "Sun, 8/4/2024 1:00 PM",
    "presaleDate": "3/22/2024 7:30 PM",
    "publicDate": "3/23/2024 7:30 PM"
  },
  {
    "eventTitle": "Hampton Jazz & Music Festival (TMUSA)",
    "agentCodes": "(TMUSA)",
    "link": "https://www.showsonsale.com//e/pre_12WGLEWK8E",
    "dangerText": null,
    "venue": "Hampton Coliseum",
    "city": "Hampton, VA",
    "Eventdate": "Fri, 6/28/2024 7:30 PM",
    "presaleDate": "3/23/2024 7:30 PM",
    "publicDate": "3/23/2024 7:30 PM"
  },
  {
    "eventTitle": "Hampton Jazz & Music Festival (TMUSA)",
    "agentCodes": "(TMUSA)",
    "link": "https://www.showsonsale.com//e/pre_NONDGZR92X",
    "dangerText": null,
    "venue": "Hampton Coliseum",
    "city": "Hampton, VA",
    "Eventdate": "Sat, 6/29/2024 7:00 PM",
    "presaleDate": "",
    "publicDate": "3/23/2024 7:30 PM"
  },
  {
    "eventTitle": "Hampton Jazz & Music Festival (TMUSA)",
    "agentCodes": "(TMUSA)",
    "link": "https://www.showsonsale.com//e/pre_62RLYQJ624",
    "dangerText": null,
    "venue": "Hampton Coliseum",
    "city": "Hampton, VA",
    "Eventdate": "Sun, 6/30/2024 2:00 PM",
    "presaleDate": "",
    "publicDate": "3/23/2024 7:30 PM"
  },
  {
    "eventTitle": "Kathleen Edwards (OTHER)",
    "agentCodes": "(OTHER)",
    "link": "https://www.showsonsale.com//e/pre_LO0L9JXP8R",
    "dangerText": null,
    "venue": "Spire Center For Performing Arts",
    "city": "Plymouth, MA",
    "Eventdate": "Sat, 6/22/2024 7:00 PM",
    "presaleDate": "",
    "publicDate": "3/23/2024 7:30 PM"
  },
  {
    "eventTitle": "Larry McCray (TMUSA)",
    "agentCodes": "(TMUSA)",
    "link": "https://www.showsonsale.com//e/pre_7O67E9JN8R",
    "dangerText": null,
    "venue": "Ritz Theatre",
    "city": "Jacksonville, FL",
    "Eventdate": "Wed, 7/17/2024 8:00 PM",
    "presaleDate": "3/23/2024 7:30 PM",
    "publicDate": "3/24/2024 7:30 PM"
  },
  {
    "eventTitle": "Loomis Bros. Circus - April 16 7:30pm (TMUSA)",
    "agentCodes": "(TMUSA)",
    "link": "https://www.showsonsale.com//e/pre_MOQXRZ108N",
    "dangerText": null,
    "venue": "JAMES BROWN ARENA",
    "city": "Augusta, GA",
    "Eventdate": "Tue, 4/16/2024 7:30 PM",
    "presaleDate": "3/13/2024 7:30 PM",
    "publicDate": "3/23/2024 7:30 PM"
  },
  {
    "eventTitle": "Loomis Bros. Circus - April 17 4:30pm (TMUSA)",
    "agentCodes": "(TMUSA)",
    "link": "https://www.showsonsale.com//e/pre_LOP6NZGX8Y",
    "dangerText": null,
    "venue": "JAMES BROWN ARENA",
    "city": "Augusta, GA",
    "Eventdate": "Wed, 4/17/2024 4:30 PM",
    "presaleDate": "3/13/2024 7:30 PM",
    "publicDate": "3/23/2024 7:30 PM"
  },
  {
    "eventTitle": "Loomis Bros. Circus - April 17 7:30pm (TMUSA)",
    "agentCodes": "(TMUSA)",
    "link": "https://www.showsonsale.com//e/pre_Y855P17481",
    "dangerText": null,
    "venue": "JAMES BROWN ARENA",
    "city": "Augusta, GA",
    "Eventdate": "Wed, 4/17/2024 7:30 PM",
    "presaleDate": "3/13/2024 7:30 PM",
    "publicDate": "3/23/2024 7:30 PM"
  },
  {
    "eventTitle": "The Sensational Barnes Brothers (TMUSA)",
    "agentCodes": "(TMUSA)",
    "link": "https://www.showsonsale.com//e/pre_32MMEGYD24",
    "dangerText": null,
    "venue": "District Live",
    "city": "Savannah, GA",
    "Eventdate": "Thu, 5/2/2024 8:00 PM",
    "presaleDate": "3/23/2024 7:30 PM",
    "publicDate": "3/23/2024 7:30 PM"
  },
  {
    "eventTitle": "TNA Wrestling: IMPACT LIVE (TMUSA)",
    "agentCodes": "(TMUSA)",
    "link": "https://www.showsonsale.com//e/pre_KO1KRNDG21",
    "dangerText": null,
    "venue": "Washington Avenue Armory",
    "city": "Albany, NY",
    "Eventdate": "Sat, 5/4/2024 7:00 PM",
    "presaleDate": "",
    "publicDate": "3/23/2024 7:30 PM"
  },
  {
    "eventTitle": "TNA Wrestling: Two Day Pass (TMUSA)",
    "agentCodes": "(TMUSA)",
    "link": "https://www.showsonsale.com//e/pre_MOQX5Z658N",
    "dangerText": null,
    "venue": "Washington Avenue Armory",
    "city": "Albany, NY",
    "Eventdate": "Fri, 5/3/2024 12:00 AM",
    "presaleDate": "",
    "publicDate": "3/23/2024 7:30 PM"
  },
  {
    "eventTitle": "TNA Wrestling: Under Siege (TMUSA)",
    "agentCodes": "(TMUSA)",
    "link": "https://www.showsonsale.com//e/pre_LOP61ZVG8Y",
    "dangerText": null,
    "venue": "Washington Avenue Armory",
    "city": "Albany, NY",
    "Eventdate": "Fri, 5/3/2024 7:00 PM",
    "presaleDate": "",
    "publicDate": "3/23/2024 7:30 PM"
  },
  {
    "eventTitle": "2024 National Collegiate Beach Volleyball Championship (EBRITE)",
    "agentCodes": "(EBRITE)",
    "link": "https://www.showsonsale.com//e/pre_987YGMRN2W",
    "dangerText": null,
    "venue": "Gulf Shores Public Beach",
    "city": "Gulf Shores, AL",
    "Eventdate": "Fri, 5/3/2024 8:00 AM",
    "presaleDate": "3/20/2024 8:30 PM",
    "publicDate": "3/23/2024 8:30 PM"
  },
  {
    "eventTitle": "Bridge City Strutters Spring Revue (TMUSA)",
    "agentCodes": "(TMUSA)",
    "link": "https://www.showsonsale.com//e/pre_LO0L9RN68R",
    "dangerText": null,
    "venue": "Julie Rogers Theatre",
    "city": "Beaumont, TX",
    "Eventdate": "Fri, 4/19/2024 6:30 PM",
    "presaleDate": "",
    "publicDate": "3/23/2024 8:30 PM"
  },
  {
    "eventTitle": "Chris Tomlin - Holy Forever World Tour (TMUSA)",
    "agentCodes": "(TMUSA)",
    "link": "https://www.showsonsale.com//e/pre_Y855P4W481",
    "dangerText": null,
    "venue": "Viejas Arena at Aztec Bowl San Diego State University",
    "city": "San Diego, CA",
    "Eventdate": "Fri, 10/11/2024 7:00 PM",
    "presaleDate": "3/23/2024 8:30 PM",
    "publicDate": "3/28/2024 8:30 PM"
  },
  {
    "eventTitle": "Miranda Lambert (TMUSA)",
    "agentCodes": "(TMUSA)",
    "link": "https://www.showsonsale.com//e/pre_62RLY50X24",
    "dangerText": null,
    "venue": "Illinois State Fairgrounds Il State Fair",
    "city": "Springfield, IL",
    "Eventdate": "Sat, 8/17/2024 8:00 PM",
    "presaleDate": "3/21/2024 8:30 PM",
    "publicDate": "3/23/2024 8:30 PM"
  },
  {
    "eventTitle": "UK Healthcare Boys Sweet 16 - Game #15 (TMUSA)",
    "agentCodes": "(TMUSA)",
    "link": "https://www.showsonsale.com//e/pre_LOP6N93R8Y",
    "dangerText": null,
    "venue": "Rupp Arena",
    "city": "Lexington, KY",
    "Eventdate": "Sat, 3/23/2024 7:30 PM",
    "presaleDate": "3/23/2024 10:00 PM",
    "publicDate": "3/24/2024 12:00 AM"
  },
  {
    "eventTitle": "AEW Dynamite & Rampage (AXS)",
    "agentCodes": "(AXS)",
    "link": "https://www.showsonsale.com//e/pre_1O4PX0Q78Y",
    "dangerText": null,
    "venue": "Mechanics Bank Arena",
    "city": "Bakersfield, CA",
    "Eventdate": "Wed, 5/22/2024 4:30 PM",
    "presaleDate": "3/23/2024 10:30 PM",
    "publicDate": "3/23/2024 10:30 PM"
  },
  {
    "eventTitle": "AEW Presents Dynamite (TMUSA)",
    "agentCodes": "(TMUSA)",
    "link": "https://www.showsonsale.com//e/pre_62EQP4012Q",
    "dangerText": null,
    "venue": "Angel Of The Winds Arena",
    "city": "Everett, WA",
    "Eventdate": "Wed, 5/15/2024 4:30 PM",
    "presaleDate": "3/23/2024 10:30 PM",
    "publicDate": "3/23/2024 10:30 PM"
  },
  {
    "eventTitle": "Damsels of Destruction Demolition Derby (ETIX)",
    "agentCodes": "(ETIX)",
    "link": "https://www.showsonsale.com//e/pre_ZOYG94DDOD",
    "dangerText": null,
    "venue": "The Action Sports Arena at the OC Fair",
    "city": "Costa Mesa, CA",
    "Eventdate": "Sat, 8/3/2024 7:30 PM",
    "presaleDate": "3/21/2024 10:30 PM",
    "publicDate": "3/23/2024 10:30 PM"
  },
  {
    "eventTitle": "Framework In The Desert (OTHER)",
    "agentCodes": "(OTHER)",
    "link": "https://www.showsonsale.com//e/pre_4O9N1W3QOG",
    "dangerText": null,
    "venue": "Atlantic Aviation",
    "city": "Thermal, CA",
    "Eventdate": "Fri, 4/12/2024 10:00 PM",
    "presaleDate": "3/22/2024 10:30 PM",
    "publicDate": "3/23/2024 10:30 PM"
  },
  {
    "eventTitle": "Framework In The Desert (OTHER)",
    "agentCodes": "(OTHER)",
    "link": "https://www.showsonsale.com//e/pre_YOLVKDZV8M",
    "dangerText": null,
    "venue": "Atlantic Aviation",
    "city": "Thermal, CA",
    "Eventdate": "Sat, 4/13/2024 10:00 PM",
    "presaleDate": "3/20/2024 10:30 PM",
    "publicDate": "3/23/2024 10:30 PM"
  },
  {
    "eventTitle": "Framework In The Desert (OTHER)",
    "agentCodes": "(OTHER)",
    "link": "https://www.showsonsale.com//e/pre_12WGLEXE8E",
    "dangerText": null,
    "venue": "Atlantic Aviation",
    "city": "Thermal, CA",
    "Eventdate": "Sun, 4/14/2024 10:00 PM",
    "presaleDate": "3/22/2024 10:30 PM",
    "publicDate": "3/23/2024 10:30 PM"
  },
  {
    "eventTitle": "LADY GAGA JAZZ & PIANO (TMUSA)",
    "agentCodes": "(TMUSA)",
    "link": "https://www.showsonsale.com//e/pre_62EQPM062Q",
    "dangerText": null,
    "venue": "Dolby Live",
    "city": "Las Vegas, NV",
    "Eventdate": "Wed, 6/19/2024 8:00 PM",
    "presaleDate": "3/23/2024 10:30 PM",
    "publicDate": "3/23/2024 10:30 PM"
  },
  {
    "eventTitle": "LADY GAGA JAZZ & PIANO (TMUSA)",
    "agentCodes": "(TMUSA)",
    "link": "https://www.showsonsale.com//e/pre_4O9N1RMNOG",
    "dangerText": null,
    "venue": "Dolby Live",
    "city": "Las Vegas, NV",
    "Eventdate": "Thu, 6/20/2024 8:00 PM",
    "presaleDate": "3/23/2024 10:30 PM",
    "publicDate": "3/23/2024 10:30 PM"
  },
  {
    "eventTitle": "LADY GAGA JAZZ & PIANO (TMUSA)",
    "agentCodes": "(TMUSA)",
    "link": "https://www.showsonsale.com//e/pre_EOG73E0W2P",
    "dangerText": null,
    "venue": "Dolby Live",
    "city": "Las Vegas, NV",
    "Eventdate": "Thu, 6/27/2024 8:00 PM",
    "presaleDate": "3/23/2024 10:30 PM",
    "publicDate": "3/23/2024 10:30 PM"
  },
  {
    "eventTitle": "LADY GAGA JAZZ & PIANO (TMUSA)",
    "agentCodes": "(TMUSA)",
    "link": "https://www.showsonsale.com//e/pre_12WGLRPP8E",
    "dangerText": null,
    "venue": "Dolby Live",
    "city": "Las Vegas, NV",
    "Eventdate": "Sat, 6/29/2024 8:00 PM",
    "presaleDate": "3/23/2024 10:30 PM",
    "publicDate": "3/23/2024 10:30 PM"
  },
  {
    "eventTitle": "LADY GAGA JAZZ & PIANO (TMUSA)",
    "agentCodes": "(TMUSA)",
    "link": "https://www.showsonsale.com//e/pre_LO0L3YGP8R",
    "dangerText": null,
    "venue": "Dolby Live",
    "city": "Las Vegas, NV",
    "Eventdate": "Sun, 6/30/2024 8:00 PM",
    "presaleDate": "3/23/2024 10:30 PM",
    "publicDate": "3/23/2024 10:30 PM"
  },
  {
    "eventTitle": "LADY GAGA JAZZ & PIANO (TMUSA)",
    "agentCodes": "(TMUSA)",
    "link": "https://www.showsonsale.com//e/pre_YOJN4L0Q8N",
    "dangerText": null,
    "venue": "Dolby Live",
    "city": "Las Vegas, NV",
    "Eventdate": "Wed, 7/3/2024 8:00 PM",
    "presaleDate": "3/23/2024 10:30 PM",
    "publicDate": "3/23/2024 10:30 PM"
  },
  {
    "eventTitle": "LADY GAGA JAZZ & PIANO (TMUSA)",
    "agentCodes": "(TMUSA)",
    "link": "https://www.showsonsale.com//e/pre_KO1KRYPG21",
    "dangerText": null,
    "venue": "Dolby Live",
    "city": "Las Vegas, NV",
    "Eventdate": "Fri, 7/5/2024 8:00 PM",
    "presaleDate": "3/23/2024 10:30 PM",
    "publicDate": "3/23/2024 10:30 PM"
  },
  {
    "eventTitle": "LADY GAGA JAZZ & PIANO (TMUSA)",
    "agentCodes": "(TMUSA)",
    "link": "https://www.showsonsale.com//e/pre_MOQX51058N",
    "dangerText": null,
    "venue": "Dolby Live",
    "city": "Las Vegas, NV",
    "Eventdate": "Sat, 7/6/2024 8:00 PM",
    "presaleDate": "3/23/2024 10:30 PM",
    "publicDate": "3/23/2024 10:30 PM"
  },
  {
    "eventTitle": "Motorhome Madness Demolition Derby (ETIX)",
    "agentCodes": "(ETIX)",
    "link": "https://www.showsonsale.com//e/pre_Q23E46GD2Z",
    "dangerText": null,
    "venue": "The Action Sports Arena at the OC Fair",
    "city": "Costa Mesa, CA",
    "Eventdate": "Wed, 7/31/2024 7:30 PM",
    "presaleDate": "3/21/2024 10:30 PM",
    "publicDate": "3/23/2024 10:30 PM"
  },
  {
    "eventTitle": "Motorhome Madness Demolition Derby (ETIX)",
    "agentCodes": "(ETIX)",
    "link": "https://www.showsonsale.com//e/pre_NONDGNLD2X",
    "dangerText": null,
    "venue": "The Action Sports Arena at the OC Fair",
    "city": "Costa Mesa, CA",
    "Eventdate": "Sun, 8/4/2024 7:30 PM",
    "presaleDate": "3/21/2024 10:30 PM",
    "publicDate": "3/23/2024 10:30 PM"
  },
  {
    "eventTitle": "Motorhome Madness Demolition Derby - Police Chiefs vs Fire Chiefs (ETIX)",
    "agentCodes": "(ETIX)",
    "link": "https://www.showsonsale.com//e/pre_62RLYX7W24",
    "dangerText": null,
    "venue": "The Action Sports Arena at the OC Fair",
    "city": "Costa Mesa, CA",
    "Eventdate": "Thu, 8/1/2024 7:30 PM",
    "presaleDate": "3/21/2024 10:30 PM",
    "publicDate": "3/23/2024 10:30 PM"
  },
  {
    "eventTitle": "Orange Crush Demolition Derby (ETIX)",
    "agentCodes": "(ETIX)",
    "link": "https://www.showsonsale.com//e/pre_58VW6MR02K",
    "dangerText": null,
    "venue": "The Action Sports Arena at the OC Fair",
    "city": "Costa Mesa, CA",
    "Eventdate": "Fri, 8/2/2024 7:30 PM",
    "presaleDate": "3/21/2024 10:30 PM",
    "publicDate": "3/23/2024 10:30 PM"
  },
  {
    "eventTitle": "Tim Dillon: American Royalty (ETIX)",
    "agentCodes": "(ETIX)",
    "link": "https://www.showsonsale.com//e/pre_EOG73X7Q2P",
    "dangerText": null,
    "venue": "Tachi Palace Hotel & Casino",
    "city": "Lemoore, CA",
    "Eventdate": "Sat, 5/18/2024 8:00 PM",
    "presaleDate": "",
    "publicDate": "3/23/2024 10:30 PM"
  },
  {
    "eventTitle": "Women of Country Tour (AXS)",
    "agentCodes": "(AXS)",
    "link": "https://www.showsonsale.com//e/pre_Y855NQM581",
    "dangerText": null,
    "venue": "Opry House",
    "city": "Nashville, TN",
    "Eventdate": "Fri, 6/21/2024 9:00 AM",
    "presaleDate": "",
    "publicDate": "3/23/2024 10:30 PM"
  }
]